{"MSE": 2.453983836538874, "_timestamp": 1686250096.6170695, "_runtime": 12.800577402114868, "_step": 0, "_wandb": {"runtime": 12}}