{"MSE": 2.4516796907650287, "_timestamp": 1686250829.7783556, "_runtime": 12.231148481369019, "_step": 0, "_wandb": {"runtime": 11}}