{"MSE": 2.450855934342275, "_timestamp": 1686250891.3586433, "_runtime": 14.750767230987549, "_step": 0, "_wandb": {"runtime": 14}}