{"MSE": 2.4516796907650287, "_timestamp": 1686250803.3058856, "_runtime": 12.212656497955322, "_step": 0, "_wandb": {"runtime": 11}}