{"MSE": 2.4529769757099613, "_timestamp": 1686250774.7698228, "_runtime": 11.00742793083191, "_step": 0, "_wandb": {"runtime": 10}}