{"MSE": 2.450855934342275, "_timestamp": 1686250858.8749413, "_runtime": 14.828142404556274, "_step": 0, "_wandb": {"runtime": 14}}